id,titre,auteur,date,url,texte
1,Sans titre,Anonyme,2025-01-01,,
2,Sans titre,Anonyme,2025-01-01,,
3,Sans titre,Anonyme,2025-01-01,,
4,Sans titre,Anonyme,2025-01-01,,
5,Sans titre,Anonyme,2025-01-01,,
6,Sans titre,Anonyme,2025-01-01,,
7,Sans titre,Anonyme,2025-01-01,,
8,Sans titre,Anonyme,2025-01-01,,
9,Sans titre,Anonyme,2025-01-01,,
10,Sans titre,Anonyme,2025-01-01,,
11,Sans titre,Anonyme,2025-01-01,,
12,Sans titre,Anonyme,2025-01-01,,
13,Sans titre,Anonyme,2025-01-01,,
14,Sans titre,Anonyme,2025-01-01,,
15,Sans titre,Anonyme,2025-01-01,,
16,Sans titre,Anonyme,2025-01-01,,
17,Sans titre,Anonyme,2025-01-01,,
18,Sans titre,Anonyme,2025-01-01,,
19,Sans titre,Anonyme,2025-01-01,,
20,Sans titre,Anonyme,2025-01-01,,
21,Sans titre,Anonyme,2025-01-01,,
22,Sans titre,Anonyme,2025-01-01,,
23,Sans titre,Anonyme,2025-01-01,,
24,Sans titre,Anonyme,2025-01-01,,
25,Sans titre,Anonyme,2025-01-01,,
26,Sans titre,Anonyme,2025-01-01,,
27,Sans titre,Anonyme,2025-01-01,,
28,Sans titre,Anonyme,2025-01-01,,
29,Sans titre,Anonyme,2025-01-01,,
30,Sans titre,Anonyme,2025-01-01,,
31,Sans titre,Anonyme,2025-01-01,,
